[
    {
      "id": 1,
      "question": "hva er en internet kabel?",
      "options": ["ethernet kabel", "RJ45 kabel", "kansje en kable undervann", "BBOAP"],
      "correctAnswer": "kansje en kable undervann"
    },
    {
      "id": 2,
      "question": "er Index, Index, Index en god navnestandar?",
      "options": ["nei", "ja ass", "peek", "nuh uh"],
      "correctAnswer": "ja ass"
    },
    {
      "id": 3,
      "question": "react ass?",
      "options": ["1-10", "10-20", "20-30", "30-40"],
      "correctAnswer": "30-40"
    },
    {
      "id": 4,
      "question": "react ass?",
      "options": ["1-10", "10-20", "20-30", "30-40"],
      "correctAnswer": "30-40"
    },
    {
      "id": 5,
      "question": "react ass?",
      "options": ["1-10", "10-20", "20-30", "30-40"],
      "correctAnswer": "30-40"
    }
  ]
  